{
 "variables": {
  "aws_access_key": "",
  "aws_secret_key": ""
 },
 "builders": [
  {
   "type": "amazon-ebs",
   "access_key": "{{user `aws_access_key`}}",
   "secret_key": "{{user `aws_secret_key`}}",
   "region": "us-east-2",
   "source_ami_filter": {
    "filters": {
     "virtualization-type": "hvm",
     "name": "CentOS Linux 7 x86_64 HVM EBS ENA 1901_01-b7ee8a69-ee97-4a49-9e68-afaee216db2e-ami-*",
     "root-device-type": "ebs"
    },
    "owners": [
     "679593333241"
    ],
    "most_recent": true
   },
   "instance_type": "t2.micro",
   "ssh_username": "centos",
   "ami_name": "bruno_test_1 {{isotime | clean_ami_name}}"
   }
   ],
     "provisioners": [
        {
            "type": "shell",
            "inline":[
                "sudo yum install -y epel-release",
                "sudo yum update -y"
         ]
         }
         ]
}