{
  "builders": [
    {
      "access_key": "{{user `aws_access_key`}}",
      "ami_name": "bruno_test_2 {{isotime | clean_resource_name}}",
      "instance_type": "t2.micro",
      "region": "us-east-2",
      "secret_key": "{{user `aws_secret_key`}}",
      "source_ami_filter": {
        "filters": {
          "name": "CentOS-7-x86_64-EBS-HVM-20180318_121109-877e76fd-a132-410c-9982-c70ca8e41d88-ami-f5cb0388.4",
          "root-device-type": "ebs",
          "virtualization-type": "hvm"
        },
        "most_recent": true,
        "owners": [
          "679593333241"
        ]
      },
      "ssh_username": "centos",
      "type": "amazon-ebs"
    }
  ],
  "variables": {
    "aws_access_key": "",
    "aws_secret_key": ""
  }
}